<?xml version="1.0" encoding="UTF-8"?>
<project-private xmlns="http://www.netbeans.org/ns/project-private/1">
    <editor-bookmarks xmlns="http://www.netbeans.org/ns/editor-bookmarks/2" lastBookmarkId="0"/>
    <open-files xmlns="http://www.netbeans.org/ns/projectui-open-files/2">
        <group>
            <file>file:/E:/xampp/htdocs/prstd/application/views/layout/header.php</file>
            <file>file:/E:/xampp/htdocs/prstd/application/models/Project_model.php</file>
            <file>file:/E:/xampp/htdocs/prstd/application/views/project/create.php</file>
            <file>file:/E:/xampp/htdocs/prstd/application/views/project/eqi_view.php</file>
            <file>file:/E:/xampp/htdocs/prstd/application/config/routes.php</file>
            <file>file:/E:/xampp/htdocs/prstd/application/views/project/show.php</file>
            <file>file:/E:/xampp/htdocs/prstd/application/controllers/Project.php</file>
            <file>file:/E:/xampp/htdocs/prstd/application/models/Datamodel.php</file>
        </group>
    </open-files>
</project-private>
